Date,Sunspot_No
1/1749,96.7
2/1749,104.3
3/1749,116.7
4/1749,92.8
5/1749,141.7
6/1749,139.2
7/1749,158
8/1749,110.5
9/1749,126.5
10/1749,125.8
11/1749,264.3
12/1749,142
1/1750,122.2
2/1750,126.5
3/1750,148.7
4/1750,147.2
5/1750,150
6/1750,166.7
7/1750,142.3
8/1750,171.7
9/1750,152
10/1750,109.5
11/1750,105.5
12/1750,125.7
1/1751,116.7
2/1751,72.5
3/1751,75.5
4/1751,94
5/1751,101.2
6/1751,84.5
7/1751,110.5
8/1751,99.7
9/1751,39.2
10/1751,38.7
11/1751,47.5
12/1751,73.3
1/1752,58.3
2/1752,83.3
3/1752,118.3
4/1752,98.8
5/1752,99.5
6/1752,66
7/1752,130.7
8/1752,48.8
9/1752,45.2
10/1752,77.7
11/1752,62.7
12/1752,66.7
1/1753,73.3
2/1753,53.3
3/1753,76.2
4/1753,63.3
5/1753,60
6/1753,52.8
7/1753,36.7
8/1753,65
9/1753,46.7
10/1753,41.7
11/1753,33.3
12/1753,11.2
1/1754,0
2/1754,5
3/1754,2.8
4/1754,22.8
5/1754,34.5
6/1754,44.5
7/1754,31.3
8/1754,20.5
9/1754,13.7
10/1754,40.2
11/1754,22
12/1754,7
1/1755,17
2/1755,18.7
3/1755,11.3
4/1755,10.8
5/1755,0
6/1755,0
7/1755,14.3
8/1755,5.3
9/1755,29.7
10/1755,39.5
11/1755,11.3
12/1755,33.3
1/1756,20.8
2/1756,11.8
3/1756,9
4/1756,15.7
5/1756,20.8
6/1756,21.5
7/1756,6
8/1756,10.7
9/1756,19.7
10/1756,23.8
11/1756,28.3
12/1756,15.7
1/1757,23.5
2/1757,35.3
3/1757,43.7
4/1757,50
5/1757,63.5
6/1757,21.3
7/1757,41.7
8/1757,85.5
9/1757,66.2
10/1757,54.2
11/1757,107.8
12/1757,55.8
1/1758,62.7
2/1758,86.7
3/1758,81.7
4/1758,120.5
5/1758,77.3
6/1758,75
7/1758,73.3
8/1758,64.5
9/1758,104.2
10/1758,62.8
11/1758,71.7
12/1758,71.7
1/1759,80.5
2/1759,73.3
3/1759,78
4/1759,78.3
5/1759,81.7
6/1759,83.3
7/1759,85
8/1759,118.8
9/1759,128.7
10/1759,99.5
11/1759,77.2
12/1759,95
1/1760,112.2
2/1760,99.2
3/1760,124.5
4/1760,97.2
5/1760,120
6/1760,80.5
7/1760,110
8/1760,126
9/1760,102.2
10/1760,84.3
11/1760,99.5
12/1760,101.7
1/1761,116.7
2/1761,151.7
3/1761,134.5
4/1761,119.5
5/1761,178.7
6/1761,165.5
7/1761,156.8
8/1761,151.8
9/1761,167.8
10/1761,147.8
11/1761,149.5
12/1761,76.7
1/1762,73
2/1762,121.3
3/1762,76.2
4/1762,100.3
5/1762,66.5
6/1762,128.5
7/1762,56.3
8/1762,112.8
9/1762,114.2
10/1762,115.5
11/1762,129.7
12/1762,128.7
1/1763,94.2
2/1763,53.2
3/1763,57
4/1763,54.8
5/1763,54.5
6/1763,59.7
7/1763,90.3
8/1763,44.2
9/1763,113.5
10/1763,77.2
11/1763,101.5
12/1763,102.3
1/1764,99.5
2/1764,99.5
3/1764,67
4/1764,57.3
5/1764,73.8
6/1764,50
7/1764,50
8/1764,50
9/1764,47
10/1764,46.7
11/1764,43.3
12/1764,42.8
1/1765,40
2/1765,43.3
3/1765,41.7
4/1765,36.7
5/1765,33.7
6/1765,33.3
7/1765,45
8/1765,49.5
9/1765,26.7
10/1765,23.3
11/1765,23.3
12/1765,21.7
1/1766,20
2/1766,18.3
3/1766,61
4/1766,10
5/1766,44.7
6/1766,5
7/1766,5.5
8/1766,6.7
9/1766,7.2
10/1766,8.3
11/1766,9.5
12/1766,32
1/1767,45.7
2/1767,50
3/1767,71.7
4/1767,54.8
5/1767,49.7
6/1767,55.5
7/1767,36.5
8/1767,68
9/1767,71.2
10/1767,73.5
11/1767,91.2
12/1767,88.8
1/1768,89.2
2/1768,110.2
3/1768,77.2
4/1768,71.2
5/1768,129.5
6/1768,129
7/1768,87.7
8/1768,111.3
9/1768,124.7
10/1768,129.7
11/1768,151
12/1768,186.3
1/1769,123.2
2/1769,107
3/1769,107.2
4/1769,161.2
5/1769,122.7
6/1769,157.3
7/1769,197.7
8/1769,200.5
9/1769,248
10/1769,263.7
11/1769,246.8
12/1769,186.7
1/1770,173.3
2/1770,237.5
3/1770,133.5
4/1770,85
5/1770,116.8
6/1770,138.8
7/1770,183
8/1770,210.5
9/1770,174
10/1770,172.7
11/1770,220.3
12/1770,170.5
1/1771,60
2/1771,77
3/1771,77.8
4/1771,108.2
5/1771,254.5
6/1771,199.2
7/1771,112.8
8/1771,97.5
9/1771,169
10/1771,150
11/1771,166.2
12/1771,159.5
1/1772,168.2
2/1772,151.3
3/1772,51.8
4/1772,153.7
5/1772,63.3
6/1772,95
7/1772,128.8
8/1772,93.7
9/1772,84.2
10/1772,131
11/1772,102.2
12/1772,106.7
1/1773,91
2/1773,48.3
3/1773,85.3
4/1773,54.8
5/1773,68.5
6/1773,47.3
7/1773,46.2
8/1773,21.2
9/1773,48.8
10/1773,43.8
11/1773,68.2
12/1773,72
1/1774,78
2/1774,109
3/1774,92.8
4/1774,73
5/1774,85.5
6/1774,47.5
7/1774,29.2
8/1774,11
9/1774,13.2
10/1774,23.3
11/1774,29.5
12/1774,20.3
1/1775,7.3
2/1775,0
3/1775,19.3
4/1775,18.7
5/1775,6.5
6/1775,20.5
7/1775,1.7
8/1775,13.2
9/1775,5.3
10/1775,9.3
11/1775,25.2
12/1775,13.2
1/1776,36.2
2/1776,19.3
3/1776,10.5
4/1776,36.3
5/1776,18.7
6/1776,31.7
7/1776,1.7
8/1776,40.3
9/1776,26.7
10/1776,50
11/1776,58.3
12/1776,66.7
1/1777,75
2/1777,60.8
3/1777,65
4/1777,159.2
5/1777,133.8
6/1777,134.5
7/1777,158.3
8/1777,186.7
9/1777,193.7
10/1777,177.5
11/1777,243.3
12/1777,262.2
1/1778,295.5
2/1778,182.2
3/1778,223.3
4/1778,241.7
5/1778,398.2
6/1778,286
7/1778,255
8/1778,233.3
9/1778,286.2
10/1778,260.5
11/1778,250.5
12/1778,175
1/1779,191.2
2/1779,276.2
3/1779,196.7
4/1779,241.7
5/1779,233.3
6/1779,189.5
7/1779,238.3
8/1779,186.7
9/1779,185
10/1779,206.7
11/1779,190
12/1779,183.3
1/1780,116.7
2/1780,163.3
3/1780,163.3
4/1780,158.3
5/1780,178.7
6/1780,146.7
7/1780,143.3
8/1780,143.3
9/1780,156.2
10/1780,128.3
11/1780,100
12/1780,97.8
1/1781,164.5
2/1781,124.5
3/1781,88.3
4/1781,113.8
5/1781,174.5
6/1781,162.8
7/1781,122.5
8/1781,110
9/1781,85
10/1781,45.5
11/1781,111.7
12/1781,58.7
1/1782,90
2/1782,62.5
3/1782,61.7
4/1782,68.3
5/1782,90.5
6/1782,63.3
7/1782,61.7
8/1782,73.3
9/1782,56.7
10/1782,38.7
11/1782,52.5
12/1782,50
1/1783,46.7
2/1783,64.5
3/1783,44.5
4/1783,47.2
5/1783,38.3
6/1783,42
7/1783,53.7
8/1783,33.3
9/1783,30
10/1783,13.3
11/1783,25
12/1783,17.5
1/1784,21.7
2/1784,13.3
3/1784,18.3
4/1784,16.7
5/1784,10
6/1784,15
7/1784,10
8/1784,16.7
9/1784,16.7
10/1784,13.3
11/1784,28.3
12/1784,23.3
1/1785,10.8
2/1785,13.3
3/1785,15
4/1785,26.2
5/1785,34.5
6/1785,43.8
7/1785,60.5
8/1785,33.3
9/1785,53.3
10/1785,78.7
11/1785,67
12/1785,45.5
1/1786,62
2/1786,79.3
3/1786,79.5
4/1786,142.3
5/1786,153.8
6/1786,98.3
7/1786,138.3
8/1786,149.5
9/1786,185.8
10/1786,187.2
11/1786,193.3
12/1786,187.8
1/1787,224.5
2/1787,176.7
3/1787,145.7
4/1787,212
5/1787,224.7
6/1787,165.3
7/1787,213.3
8/1787,228.7
9/1787,262.2
10/1787,261.7
11/1787,235.8
12/1787,290
1/1788,230
2/1788,215.3
3/1788,238.8
4/1788,180.8
5/1788,188.3
6/1788,257
7/1788,235.8
8/1788,226.7
9/1788,235
10/1788,236.7
11/1788,157.8
12/1788,215.8
1/1789,190
2/1789,208.8
3/1789,200
4/1789,205.5
5/1789,205.8
6/1789,200
7/1789,195
8/1789,171.7
9/1789,186.7
10/1789,149.5
11/1789,223.3
12/1789,225.8
1/1790,171.7
2/1790,212.5
3/1790,160.5
4/1790,156.7
5/1790,155
6/1790,151.7
7/1790,115.5
8/1790,145
9/1790,128.8
10/1790,140.5
11/1790,136.7
12/1790,123.3
1/1791,121.2
2/1791,103.3
3/1791,123.3
4/1791,128.7
5/1791,122.8
6/1791,107
7/1791,118.3
8/1791,71.7
9/1791,110.8
10/1791,102.8
11/1791,111.7
12/1791,110
1/1792,96.7
2/1792,106.7
3/1792,105
4/1792,126.2
5/1792,103.3
6/1792,101.7
7/1792,76.3
8/1792,100
9/1792,98.3
10/1792,98.3
11/1792,95
12/1792,93.3
1/1793,93.3
2/1793,91.7
3/1793,92.5
4/1793,88.3
5/1793,87.2
6/1793,85
7/1793,83.3
8/1793,48.8
9/1793,40
10/1793,78.3
11/1793,73.3
12/1793,76.2
1/1794,75
2/1794,73.3
3/1794,63.3
4/1794,47.3
5/1794,92.8
6/1794,69.2
7/1794,68.3
8/1794,66.7
9/1794,18.5
10/1794,47.5
11/1794,112.3
12/1794,85.7
1/1795,35.7
2/1795,66.5
3/1795,21
4/1795,31
5/1795,51.7
6/1795,28.5
7/1795,21.5
8/1795,42.8
9/1795,22.5
10/1795,32.5
11/1795,41.7
12/1795,30
1/1796,36.7
2/1796,39.7
3/1796,26.2
4/1796,52.8
5/1796,35
6/1796,11.2
7/1796,44.8
8/1796,2.5
9/1796,30.7
10/1796,18.3
11/1796,14
12/1796,8.5
1/1797,24
2/1797,7
3/1797,6.7
4/1797,6.7
5/1797,12.2
6/1797,18.5
7/1797,7.2
8/1797,10
9/1797,9.5
10/1797,11.5
11/1797,9.7
12/1797,5
1/1798,3.3
2/1798,6.7
3/1798,20.7
4/1798,1.8
5/1798,0
6/1798,0
7/1798,0
8/1798,5
9/1798,4
10/1798,2.5
11/1798,20.8
12/1798,16.5
1/1799,2.7
2/1799,21
3/1799,36.2
4/1799,14
5/1799,13.7
6/1799,17.7
7/1799,3.5
8/1799,0
9/1799,0
10/1799,7.7
11/1799,4.5
12/1799,14.3
1/1800,11.5
2/1800,15.5
3/1800,23.2
4/1800,0
5/1800,8.3
6/1800,39.5
7/1800,35
8/1800,32.5
9/1800,19.2
10/1800,20.5
11/1800,17.5
12/1800,66.8
1/1801,45
2/1801,48.3
3/1801,50
4/1801,51.7
5/1801,53.3
6/1801,52
7/1801,58.3
8/1801,64.5
9/1801,55.8
10/1801,54.3
11/1801,66.3
12/1801,80.3
1/1802,79.7
2/1802,78.3
3/1802,68
4/1802,70
5/1802,73.3
6/1802,76.7
7/1802,80
8/1802,83.3
9/1802,86.3
10/1802,64.2
11/1802,57.5
12/1802,83.3
1/1803,83.3
2/1803,84.7
3/1803,49.2
4/1803,41.7
5/1803,73.8
6/1803,60
7/1803,80.5
8/1803,56.8
9/1803,75.5
10/1803,90.5
11/1803,85
12/1803,80
1/1804,75.5
2/1804,80.5
3/1804,80
4/1804,84.3
5/1804,55.7
6/1804,58
7/1804,49.7
8/1804,71.8
9/1804,88.3
10/1804,103.8
11/1804,101.7
12/1804,100
1/1805,101.7
2/1805,73.5
3/1805,85.7
4/1805,62.5
5/1805,65
6/1805,67.5
7/1805,62.7
8/1805,71.2
9/1805,74
10/1805,49
11/1805,68.3
12/1805,63.8
1/1806,65
2/1806,49.3
3/1806,54.5
4/1806,46.2
5/1806,44
6/1806,42.7
7/1806,50
8/1806,43.8
9/1806,40
10/1806,45
11/1806,41.7
12/1806,40
1/1807,20
2/1807,20.3
3/1807,16
4/1807,39.7
5/1807,16.7
6/1807,20
7/1807,21.2
8/1807,20
9/1807,9.5
10/1807,13.3
11/1807,4.3
12/1807,0
1/1808,0
2/1808,7.5
3/1808,0
4/1808,20.5
5/1808,22.5
6/1808,22.5
7/1808,11.2
8/1808,13.3
9/1808,19.5
10/1808,7.8
11/1808,17.5
12/1808,20.5
1/1809,12
2/1809,15.3
3/1809,1.5
4/1809,4.2
5/1809,3.3
6/1809,12.8
7/1809,0.5
8/1809,0.3
9/1809,0.7
10/1809,0
11/1809,0
12/1809,0
1/1810,0
2/1810,0
3/1810,0
4/1810,0
5/1810,0
6/1810,0
7/1810,0
8/1810,0
9/1810,0
10/1810,0
11/1810,0
12/1810,0
1/1811,0
2/1811,0
3/1811,0
4/1811,0
5/1811,0
6/1811,0
7/1811,11
8/1811,0
9/1811,4
10/1811,10.2
11/1811,1.3
12/1811,1.8
1/1812,18.8
2/1812,3.2
3/1812,1.2
4/1812,0
5/1812,1.7
6/1812,2.2
7/1812,0.8
8/1812,26
9/1812,8.7
10/1812,6.5
11/1812,13.2
12/1812,16.8
1/1813,0
2/1813,17.2
3/1813,3.2
4/1813,27.7
5/1813,9.2
6/1813,18.7
7/1813,30.5
8/1813,14
9/1813,25.5
10/1813,46.3
11/1813,27.8
12/1813,23.8
1/1814,37
2/1814,20
3/1814,9.5
4/1814,39.7
5/1814,9.7
6/1814,24.8
7/1814,30.8
8/1814,3.8
9/1814,13.5
10/1814,32.2
11/1814,24.2
12/1814,33.5
1/1815,32
2/1815,53.7
3/1815,43.7
4/1815,52.7
5/1815,16.3
6/1815,93.2
7/1815,59.2
8/1815,78.7
9/1815,52.5
10/1815,55.8
11/1815,62
12/1815,108.3
1/1816,43.8
2/1816,114.7
3/1816,122.8
4/1816,98
5/1816,73.8
6/1816,72.7
7/1816,64.7
8/1816,38.7
9/1816,79.7
10/1816,94
11/1816,63.5
12/1816,49.8
1/1817,60.7
2/1817,96.5
3/1817,160.3
4/1817,44
5/1817,35.3
6/1817,66.7
7/1817,83.3
8/1817,75
9/1817,61.2
10/1817,42.7
11/1817,48.2
12/1817,47.3
1/1818,58.1
2/1818,37.4
3/1818,42.4
4/1818,57.5
5/1818,88.5
6/1818,60.8
7/1818,46.8
8/1818,52.6
9/1818,43.4
10/1818,52.8
11/1818,18.3
12/1818,43
1/1819,54.7
2/1819,34.6
3/1819,6.3
4/1819,33.7
5/1819,32.6
6/1819,58.3
7/1819,52.5
8/1819,43.5
9/1819,24.8
10/1819,45.9
11/1819,41.8
12/1819,50.9
1/1820,32
2/1820,44.4
3/1820,7.5
4/1820,32.3
5/1820,48.9
6/1820,17.9
7/1820,34.1
8/1820,43.1
9/1820,8.6
10/1820,14.9
11/1820,13.2
12/1820,15.1
1/1821,36
2/1821,7
3/1821,9.5
4/1821,15.2
5/1821,2.8
6/1821,3
7/1821,4.3
8/1821,8
9/1821,7.3
10/1821,31.4
11/1821,7.3
12/1821,0.4
1/1822,0
2/1822,1.5
3/1822,26.9
4/1822,21.7
5/1822,2.4
6/1822,9.3
7/1822,13.2
8/1822,3.4
9/1822,0
10/1822,0.6
11/1822,0
12/1822,0
1/1823,0
2/1823,0
3/1823,1
4/1823,0
5/1823,0
6/1823,0
7/1823,0.8
8/1823,0
9/1823,0
10/1823,0
11/1823,0
12/1823,34
1/1824,36
2/1824,18
3/1824,0
4/1824,32.3
5/1824,4.6
6/1824,0
7/1824,0
8/1824,2.3
9/1824,34.3
10/1824,42
11/1824,0
12/1824,1.4
1/1825,8.4
2/1825,25.9
3/1825,37.4
4/1825,6.2
5/1825,25.8
6/1825,25.6
7/1825,51.5
8/1825,42.8
9/1825,26.2
10/1825,26
11/1825,19.6
12/1825,36.7
1/1826,29.4
2/1826,30.2
3/1826,61.3
4/1826,40
5/1826,53.9
6/1826,61.7
7/1826,87.5
8/1826,66
9/1826,31.6
10/1826,84.4
11/1826,65.8
12/1826,113.6
1/1827,57.7
2/1827,79
3/1827,96.3
4/1827,76.7
5/1827,93.8
6/1827,94.4
7/1827,70.4
8/1827,89.4
9/1827,82.6
10/1827,93.5
11/1827,80.4
12/1827,76.8
1/1828,88
2/1828,107.3
3/1828,108.5
4/1828,101.9
5/1828,148.6
6/1828,163.4
7/1828,90.4
8/1828,127.3
9/1828,83.9
10/1828,91.1
11/1828,95
12/1828,78.1
1/1829,71.6
2/1829,82.3
3/1829,120.6
4/1829,158.4
5/1829,112.3
6/1829,123.2
7/1829,151.5
8/1829,129.3
9/1829,88
10/1829,95.3
11/1829,112.7
12/1829,94.1
1/1830,87
2/1830,120.1
3/1830,141
4/1830,177.3
5/1830,110.5
6/1830,108.4
7/1830,73.2
8/1830,84.6
9/1830,103.4
10/1830,140.6
11/1830,135.4
12/1830,136.8
1/1831,79
2/1831,83.6
3/1831,155.8
4/1831,90.9
5/1831,63.4
6/1831,55.6
7/1831,75.4
8/1831,91.6
9/1831,63.2
10/1831,77.1
11/1831,72.5
12/1831,48.3
1/1832,51.5
2/1832,92.6
3/1832,91.9
4/1832,44.8
5/1832,68.9
6/1832,44.5
7/1832,23.3
8/1832,14.8
9/1832,13.7
10/1832,35.2
11/1832,23.8
12/1832,45.8
1/1833,18.7
2/1833,24.9
3/1833,19.6
4/1833,4.6
5/1833,21.5
6/1833,1.7
7/1833,11.6
8/1833,9.5
9/1833,19.3
10/1833,12.5
11/1833,9.8
12/1833,16.6
1/1834,8.2
2/1834,30.1
3/1834,6.5
4/1834,2.4
5/1834,14.8
6/1834,13.1
7/1834,14.4
8/1834,6.6
9/1834,19.2
10/1834,41.3
11/1834,50.9
12/1834,57.5
1/1835,12.4
2/1835,40.7
3/1835,32.7
4/1835,102.4
5/1835,72.6
6/1835,55.2
7/1835,99.6
8/1835,98.5
9/1835,168
10/1835,158.6
11/1835,166.7
12/1835,129.3
1/1836,147.6
2/1836,179.4
3/1836,163.7
4/1836,238
5/1836,185.7
6/1836,207.9
7/1836,194.6
8/1836,179.6
9/1836,158.5
10/1836,228.9
11/1836,201.5
12/1836,343.8
1/1837,313.4
2/1837,292.6
3/1837,224.3
4/1837,230.3
5/1837,186.1
6/1837,263.4
7/1837,271.2
8/1837,223.5
9/1837,160.4
10/1837,206.2
11/1837,178.4
12/1837,216.1
1/1838,241.5
2/1838,141.3
3/1838,234.5
4/1838,211.1
5/1838,229.4
6/1838,157.6
7/1838,180.4
8/1838,131.3
9/1838,122.7
10/1838,151.5
11/1838,129.2
12/1838,132.9
1/1839,175.9
2/1839,170.8
3/1839,129.5
4/1839,102.9
5/1839,89.6
6/1839,91.2
7/1839,141.3
8/1839,218.8
9/1839,221.1
10/1839,151.5
11/1839,114.7
12/1839,106.2
1/1840,135.4
2/1840,146.1
3/1840,112.9
4/1840,109.8
5/1840,115.4
6/1840,80.9
7/1840,101
8/1840,96.4
9/1840,123.3
10/1840,91.7
11/1840,90.4
12/1840,89.5
1/1841,40.1
2/1841,49.9
3/1841,49.6
4/1841,66.9
5/1841,112.4
6/1841,92.8
7/1841,51.4
8/1841,65.4
9/1841,60.9
10/1841,47.4
11/1841,32.9
12/1841,64.8
1/1842,34
2/1842,36.8
3/1842,36.2
4/1842,44.9
5/1842,41.4
6/1842,34.2
7/1842,21
8/1842,44.4
9/1842,30.6
10/1842,63.5
11/1842,67.5
12/1842,29.3
1/1843,22.2
2/1843,5.9
3/1843,13.9
4/1843,15.8
5/1843,35.1
6/1843,17.6
7/1843,15.9
8/1843,19.6
9/1843,6.9
10/1843,8.9
11/1843,31.7
12/1843,21.2
1/1844,15.7
2/1844,24.5
3/1844,22.5
4/1844,34.6
5/1844,19.2
6/1844,6.2
7/1844,35.2
8/1844,39.7
9/1844,11.6
10/1844,35.9
11/1844,17.9
12/1844,36
1/1845,42.8
2/1845,72.8
3/1845,72.1
4/1845,95
5/1845,79.7
6/1845,51.8
7/1845,51
8/1845,53.9
9/1845,49.3
10/1845,67.8
11/1845,65.7
12/1845,99.5
1/1846,64.6
2/1846,84.9
3/1846,106.5
4/1846,115.5
5/1846,99.9
6/1846,108.4
7/1846,77.5
8/1846,91.3
9/1846,178.6
10/1846,93.4
11/1846,100.6
12/1846,109.1
1/1847,104.4
2/1847,74.9
3/1847,143
4/1847,74.6
5/1847,125.7
6/1847,142.2
7/1847,87.1
8/1847,234.3
9/1847,268.2
10/1847,300.6
11/1847,231.5
12/1847,182.6
1/1848,265.2
2/1848,186.4
3/1848,181.2
4/1848,178.6
5/1848,170.5
6/1848,214.9
7/1848,232
8/1848,220.9
9/1848,167.3
10/1848,220.6
11/1848,191
12/1848,265.8
1/1849,298.3
2/1849,250.3
3/1849,182.7
4/1849,194.7
5/1849,153.2
6/1849,154.2
7/1849,148.2
8/1849,128.6
9/1849,178
10/1849,135.7
11/1849,188.2
12/1849,184.3
1/1850,148.2
2/1850,169.8
3/1850,156.8
4/1850,83.8
5/1850,117
6/1850,133
7/1850,74.3
8/1850,117
9/1850,163.7
10/1850,134.9
11/1850,104.1
12/1850,115.9
1/1851,143.5
2/1851,200.1
3/1851,122.8
4/1851,107.3
5/1851,118.9
6/1851,120
7/1851,68.6
8/1851,109
9/1851,128.9
10/1851,118.7
11/1851,96.8
12/1851,135.5
1/1852,129.9
2/1852,126.2
3/1852,116.2
4/1852,124.3
5/1852,104.3
6/1852,89
7/1852,80
8/1852,75.3
9/1852,71.2
10/1852,127.9
11/1852,103.1
12/1852,86.1
1/1853,77.9
2/1853,81.5
3/1853,71.6
4/1853,90.4
5/1853,65.9
6/1853,76
7/1853,87.2
8/1853,95.8
9/1853,63.7
10/1853,80.5
11/1853,54.7
12/1853,44.5
1/1854,29.3
2/1854,38
3/1854,39.4
4/1854,50.3
5/1854,45.6
6/1854,40.1
7/1854,35.5
8/1854,30.1
9/1854,42.6
10/1854,24.1
11/1854,53.5
12/1854,41.1
1/1855,23.4
2/1855,21.6
3/1855,33
4/1855,8.4
5/1855,17.3
6/1855,10
7/1855,0.7
8/1855,5.9
9/1855,0
10/1855,18.3
11/1855,7.9
12/1855,5.8
1/1856,1
2/1856,9.3
3/1856,0.7
4/1856,12.4
5/1856,0
6/1856,9.8
7/1856,8.8
8/1856,11.3
9/1856,8.4
10/1856,8.5
11/1856,14.7
12/1856,13.7
1/1857,26
2/1857,14.2
3/1857,10
4/1857,21.1
5/1857,54.2
6/1857,30.5
7/1857,42.2
8/1857,32
9/1857,80.6
10/1857,77.1
11/1857,59.6
12/1857,70.7
1/1858,74.2
2/1858,66.3
3/1858,109.2
4/1858,72.8
5/1858,78.6
6/1858,84.5
7/1858,107.7
8/1858,104.9
9/1858,152.2
10/1858,173.2
11/1858,98.6
12/1858,127
1/1859,159
2/1859,166.4
3/1859,171.5
4/1859,162.9
5/1859,172.8
6/1859,165.2
7/1859,180.7
8/1859,203
9/1859,200.9
10/1859,217.8
11/1859,184.6
12/1859,153.9
1/1860,156.6
2/1860,167.9
3/1860,188
4/1860,135.7
5/1860,203.5
6/1860,206.3
7/1860,221.9
8/1860,190.5
9/1860,175.2
10/1860,171.1
11/1860,186
12/1860,181.7
1/1861,118.5
2/1861,147.5
3/1861,192
4/1861,187.1
5/1861,107.8
6/1861,167.5
7/1861,148.2
8/1861,156.7
9/1861,151.9
10/1861,127.7
11/1861,102
12/1861,152.8
1/1862,119.9
2/1862,122.4
3/1862,82.7
4/1862,102.1
5/1862,122.4
6/1862,159.7
7/1862,139.5
8/1862,118.7
9/1862,126.4
10/1862,79.8
11/1862,96
12/1862,77.6
1/1863,91.8
2/1863,107.7
3/1863,126
4/1863,77.1
5/1863,102.1
6/1863,77.6
7/1863,62
8/1863,91.3
9/1863,41.7
10/1863,75.7
11/1863,71.6
12/1863,78.1
1/1864,109.7
2/1864,89.5
3/1864,125.9
4/1864,68.1
5/1864,77.1
6/1864,109.9
7/1864,103.8
8/1864,104.1
9/1864,54.2
10/1864,64.4
11/1864,109.3
12/1864,54.3
1/1865,92.5
2/1865,74.6
3/1865,75
4/1865,55.9
5/1865,65.6
6/1865,63.8
7/1865,50.8
8/1865,71.8
9/1865,41
10/1865,32.5
11/1865,46.7
12/1865,24.3
1/1866,60
2/1866,72.9
3/1866,46.6
4/1866,33.5
5/1866,24.6
6/1866,31.4
7/1866,17.6
8/1866,24.2
9/1866,13.9
10/1866,26.8
11/1866,17.2
12/1866,2.9
1/1867,0
2/1867,1.4
3/1867,17.4
4/1867,9.7
5/1867,5.5
6/1867,2.8
7/1867,9.5
8/1867,9.1
9/1867,18.7
10/1867,25.5
11/1867,18.1
12/1867,47.9
1/1868,25.9
2/1868,26.3
3/1868,44
4/1868,61.1
5/1868,44.5
6/1868,51.8
7/1868,48.3
8/1868,57.3
9/1868,78.7
10/1868,102.8
11/1868,98.7
12/1868,112.8
1/1869,101.6
2/1869,99.9
3/1869,88
4/1869,68.4
5/1869,173.4
6/1869,180.7
7/1869,98.8
8/1869,132.7
9/1869,134.5
10/1869,99
11/1869,130.2
12/1869,174.1
1/1870,129
2/1870,191.7
3/1870,262.7
4/1870,266.9
5/1870,293.6
6/1870,226.3
7/1870,220.9
8/1870,256.5
9/1870,226.8
10/1870,244.3
11/1870,246
12/1870,216.7
1/1871,147.2
2/1871,209
3/1871,238.7
4/1871,270.9
5/1871,242.6
6/1871,152.9
7/1871,171.8
8/1871,183.7
9/1871,133.9
10/1871,148.5
11/1871,175.7
12/1871,150.8
1/1872,132.7
2/1872,200.3
3/1872,147.5
4/1872,170.4
5/1872,179.5
6/1872,183.3
7/1872,176
8/1872,155
9/1872,191.1
10/1872,171.2
11/1872,186.8
12/1872,139.9
1/1873,144.6
2/1873,178.4
3/1873,164
4/1873,127.1
5/1873,80
6/1873,74.8
7/1873,111.7
8/1873,113.8
9/1873,78.7
10/1873,78.6
11/1873,92.5
12/1873,82
1/1874,101.4
2/1874,107.1
3/1874,77.5
4/1874,53.5
5/1874,74.6
6/1874,63.8
7/1874,113.2
8/1874,102.3
9/1874,46.8
10/1874,57.4
11/1874,48.2
12/1874,48.8
1/1875,24.4
2/1875,35.9
3/1875,56.4
4/1875,48.6
5/1875,19.2
6/1875,39.9
7/1875,20.9
8/1875,24.4
9/1875,4
10/1875,21.3
11/1875,29.6
12/1875,16.5
1/1876,23.9
2/1876,25.1
3/1876,51.1
4/1876,3.9
5/1876,8.5
6/1876,2.7
7/1876,25.5
8/1876,14.8
9/1876,16.6
10/1876,23.9
11/1876,16.6
12/1876,13.6
1/1877,40.6
2/1877,14.5
3/1877,19.9
4/1877,26.3
5/1877,36.1
6/1877,23.6
7/1877,10
8/1877,10.5
9/1877,28.1
10/1877,11.2
11/1877,23.6
12/1877,3.5
1/1878,5.5
2/1878,11
3/1878,13.1
4/1878,0.2
5/1878,9.9
6/1878,10.7
7/1878,0.2
8/1878,0
9/1878,8.8
10/1878,1.9
11/1878,6.8
12/1878,0.9
1/1879,1.6
2/1879,0.9
3/1879,0
4/1879,10.4
5/1879,4
6/1879,8
7/1879,12.6
8/1879,17.9
9/1879,10.1
10/1879,20.4
11/1879,21.9
12/1879,12.2
1/1880,40.1
2/1880,45.4
3/1880,32.1
4/1880,32.4
5/1880,39.1
6/1880,56.9
7/1880,36.5
8/1880,80.3
9/1880,110.1
10/1880,71.7
11/1880,51.1
12/1880,49.4
1/1881,60.6
2/1881,88.6
3/1881,85.8
4/1881,86.1
5/1881,72.5
6/1881,100.8
7/1881,128.2
8/1881,97.3
9/1881,88.6
10/1881,107.3
11/1881,91.5
12/1881,78.8
1/1882,75
2/1882,115.9
3/1882,111.5
4/1882,159.6
5/1882,106.9
6/1882,75.4
7/1882,75.7
8/1882,67.5
9/1882,96.1
10/1882,98.6
11/1882,140.6
12/1882,69.7
1/1883,101
2/1883,78.2
3/1883,71.3
4/1883,136.8
5/1883,52.5
6/1883,127.2
7/1883,134.4
8/1883,76.6
9/1883,87.8
10/1883,139.6
11/1883,140.8
12/1883,126.5
1/1884,152.6
2/1884,144.8
3/1884,145.8
4/1884,126.9
5/1884,110.9
6/1884,85.3
7/1884,88.5
8/1884,93.1
9/1884,103.1
10/1884,79.6
11/1884,60.9
12/1884,78.6
1/1885,71.4
2/1885,119.7
3/1885,82.9
4/1885,91.7
5/1885,121.6
6/1885,139.5
7/1885,110.9
8/1885,83.5
9/1885,66
10/1885,64.5
11/1885,51.6
12/1885,36.3
1/1886,49.8
2/1886,43.2
3/1886,95.5
4/1886,72.9
5/1886,51.2
6/1886,45.3
7/1886,50.4
8/1886,28.1
9/1886,35.7
10/1886,14.4
11/1886,0.6
12/1886,21.7
1/1887,17
2/1887,22
3/1887,7.1
4/1887,11.6
5/1887,33.4
6/1887,26.1
7/1887,38.9
8/1887,35.7
9/1887,12.4
10/1887,11
11/1887,11.5
12/1887,34.5
1/1888,21.2
2/1888,11.8
3/1888,13.1
4/1888,8.5
5/1888,11.7
6/1888,11.8
7/1888,5
8/1888,4.6
9/1888,14.6
10/1888,3.4
11/1888,17.9
12/1888,11.1
1/1889,1.3
2/1889,14.2
3/1889,11.1
4/1889,7.3
5/1889,4
6/1889,10.8
7/1889,15.8
8/1889,34.3
9/1889,10.9
10/1889,3.4
11/1889,0.3
12/1889,11.2
1/1890,8.8
2/1890,1.1
3/1890,8.5
4/1890,2.7
5/1890,7.9
6/1890,2.2
7/1890,19.3
8/1890,14.2
9/1890,28.6
10/1890,18.6
11/1890,15.9
12/1890,13.1
1/1891,22.5
2/1891,36.9
3/1891,17.2
4/1891,34.2
5/1891,68.5
6/1891,80.4
7/1891,98
8/1891,55.1
9/1891,89.7
10/1891,86
11/1891,69.8
12/1891,54.3
1/1892,115.2
2/1892,126.1
3/1892,83.3
4/1892,116
5/1892,132.7
6/1892,127.3
7/1892,127.6
8/1892,169
9/1892,104.7
10/1892,117.5
11/1892,108.9
12/1892,131
1/1893,125
2/1893,121.6
3/1893,109.5
4/1893,146.8
5/1893,141.3
6/1893,149.8
7/1893,147.6
8/1893,215.4
9/1893,129.9
10/1893,133.3
11/1893,125.2
12/1893,156.4
1/1894,138.6
2/1894,141
3/1894,87.1
4/1894,136
5/1894,168.7
6/1894,164.8
7/1894,176.7
8/1894,117.1
9/1894,110
10/1894,125.7
11/1894,94.3
12/1894,100.1
1/1895,105.4
2/1895,112
3/1895,101.6
4/1895,128.2
5/1895,112.5
6/1895,119.1
7/1895,79.7
8/1895,114.9
9/1895,96.1
10/1895,113.2
11/1895,78.6
12/1895,117.9
1/1896,48.4
2/1896,95.7
3/1896,86.5
4/1896,73
5/1896,46.1
6/1896,81.7
7/1896,75.2
8/1896,45.4
9/1896,102.2
10/1896,47.9
11/1896,63.3
12/1896,71
1/1897,67.6
2/1897,49
3/1897,48.7
4/1897,51.7
5/1897,33.3
6/1897,18.9
7/1897,46.1
8/1897,36.4
9/1897,80.4
10/1897,23.9
11/1897,14
12/1897,55.5
1/1898,50.4
2/1898,60.7
3/1898,63.9
4/1898,24.2
5/1898,43
6/1898,37.1
7/1898,15
8/1898,52.3
9/1898,58.1
10/1898,57.1
11/1898,51.6
12/1898,21.1
1/1899,32.4
2/1899,15.3
3/1899,30.3
4/1899,23.6
5/1899,12.9
6/1899,34.1
7/1899,22.5
8/1899,4.9
9/1899,14
10/1899,21.7
11/1899,13
12/1899,17.6
1/1900,15.7
2/1900,22.8
3/1900,14.4
4/1900,26.8
5/1900,25.3
6/1900,20.1
7/1900,13.9
8/1900,7.1
9/1900,13.9
10/1900,21.6
11/1900,7.5
12/1900,0.5
1/1901,0.4
2/1901,4
3/1901,7.4
4/1901,0
5/1901,17
6/1901,9.7
7/1901,1.2
8/1901,1.7
9/1901,0.9
10/1901,6.3
11/1901,6.4
12/1901,0
1/1902,9.3
2/1902,0
3/1902,20.7
4/1902,0
5/1902,4.7
6/1902,2.4
7/1902,1.5
8/1902,3.8
9/1902,12.6
10/1902,27.2
11/1902,17.2
12/1902,1.8
1/1903,13.9
2/1903,28.4
3/1903,22.5
4/1903,43.5
5/1903,24.3
6/1903,27.2
7/1903,46.4
8/1903,48
9/1903,18.5
10/1903,64.8
11/1903,74.2
12/1903,76.2
1/1904,52.6
2/1904,40.8
3/1904,61.9
4/1904,71.6
5/1904,65.7
6/1904,69.8
7/1904,84.3
8/1904,97.1
9/1904,50.2
10/1904,90.4
11/1904,63.4
12/1904,91.1
1/1905,91.2
2/1905,143
3/1905,94.3
4/1905,65.5
5/1905,79.9
6/1905,81.6
7/1905,121.6
8/1905,98.1
9/1905,91.8
10/1905,131.2
11/1905,178.7
12/1905,92.5
1/1906,75.8
2/1906,52.3
3/1906,107.4
4/1906,92.2
5/1906,96.2
6/1906,105.3
7/1906,172.7
8/1906,79.6
9/1906,93.5
10/1906,29.7
11/1906,64.8
12/1906,108
1/1907,127.4
2/1907,180.3
3/1907,101.1
4/1907,87.6
5/1907,71.4
6/1907,67.2
7/1907,82.9
8/1907,90.5
9/1907,141.7
10/1907,109.1
11/1907,102.5
12/1907,78.9
1/1908,65.4
2/1908,56.6
3/1908,47.9
4/1908,96.1
5/1908,68
6/1908,80.2
7/1908,65.8
8/1908,150.9
9/1908,144.9
10/1908,53.9
11/1908,75.9
12/1908,65.9
1/1909,94.6
2/1909,77.6
3/1909,110.5
4/1909,53.7
5/1909,60
6/1909,37.8
7/1909,59.6
8/1909,38.5
9/1909,64.7
10/1909,97.4
11/1909,93
12/1909,90.2
1/1910,44
2/1910,52.5
3/1910,35.7
4/1910,14.1
5/1910,36.9
6/1910,20.5
7/1910,23.5
8/1910,19.3
9/1910,43.7
10/1910,63.9
11/1910,8.3
12/1910,9.6
1/1911,5.6
2/1911,15
3/1911,13
4/1911,27.6
5/1911,15.1
6/1911,3.7
7/1911,5.9
8/1911,6.7
9/1911,6.7
10/1911,4.5
11/1911,7
12/1911,3.7
1/1912,0.4
2/1912,0
3/1912,8.2
4/1912,7.6
5/1912,7.4
6/1912,6.9
7/1912,4.9
8/1912,0.5
9/1912,15.9
10/1912,7.6
11/1912,1.9
12/1912,10.6
1/1913,3.8
2/1913,4.8
3/1913,0.8
4/1913,1.6
5/1913,0
6/1913,0
7/1913,2.9
8/1913,0.4
9/1913,2
10/1913,5.2
11/1913,1.2
12/1913,6.3
1/1914,4.7
2/1914,4.4
3/1914,5.3
4/1914,28.9
5/1914,8.7
6/1914,19.1
7/1914,9.1
8/1914,12.9
9/1914,21.2
10/1914,13.7
11/1914,27.3
12/1914,37.3
1/1915,38.5
2/1915,70.4
3/1915,64.8
4/1915,68.9
5/1915,55.1
6/1915,114.7
7/1915,119.4
8/1915,116
9/1915,82.4
10/1915,89.1
11/1915,70.9
12/1915,57.5
1/1916,75.5
2/1916,92.4
3/1916,111.7
4/1916,119.8
5/1916,124
6/1916,112.9
7/1916,89.3
8/1916,58.6
9/1916,75.1
10/1916,84.5
11/1916,109.5
12/1916,88.3
1/1917,124.5
2/1917,119.9
3/1917,158
4/1917,124.6
5/1917,190.2
6/1917,191.4
7/1917,199.7
8/1917,257.7
9/1917,215.6
10/1917,120.3
11/1917,160.7
12/1917,215.5
1/1918,160
2/1918,108.7
3/1918,120.4
4/1918,134.1
5/1918,127.9
6/1918,99
7/1918,179.5
8/1918,169.6
9/1918,133.2
10/1918,141.7
11/1918,139
12/1918,98.5
1/1919,80.2
2/1919,132.5
3/1919,110.9
4/1919,86.3
5/1919,146.9
6/1919,185.3
7/1919,107.8
8/1919,115.1
9/1919,91.1
10/1919,88
11/1919,69.9
12/1919,58
1/1920,85.3
2/1920,89.8
3/1920,116.9
4/1920,24.7
5/1920,55.4
6/1920,64.6
7/1920,45.7
8/1920,31.9
9/1920,60.5
10/1920,82.7
11/1920,45.3
12/1920,49.8
1/1921,52.5
2/1921,47.1
3/1921,44.5
4/1921,54
5/1921,37
6/1921,56.2
7/1921,69.7
8/1921,38
9/1921,29.6
10/1921,30.3
11/1921,29.6
12/1921,33.9
1/1922,19.7
2/1922,43.9
3/1922,91.3
4/1922,18.3
5/1922,13.4
6/1922,9.8
7/1922,18.3
8/1922,10.9
9/1922,7.8
10/1922,10.4
11/1922,12.2
12/1922,29
1/1923,7.5
2/1923,2.5
3/1923,5.5
4/1923,10.2
5/1923,5.3
6/1923,15.3
7/1923,5.9
8/1923,0.8
9/1923,22.1
10/1923,19.5
11/1923,16.7
12/1923,4.6
1/1924,0.8
2/1924,8.5
3/1924,3
4/1924,18.9
5/1924,34.6
6/1924,40
7/1924,46.9
8/1924,32.1
9/1924,41.9
10/1924,42.6
11/1924,37.5
12/1924,27.5
1/1925,9.1
2/1925,38.6
3/1925,30
4/1925,53
5/1925,71.4
6/1925,79.1
7/1925,64.2
8/1925,63.3
9/1925,100.3
10/1925,115.3
11/1925,97.6
12/1925,164.4
1/1926,119.7
2/1926,116.4
3/1926,104.2
4/1926,64.2
5/1926,107
6/1926,122.4
7/1926,87.2
8/1926,102.7
9/1926,101.4
10/1926,119.3
11/1926,100.8
12/1926,132.4
1/1927,136
2/1927,155.1
3/1927,116.1
4/1927,155.8
5/1927,131.9
6/1927,98.5
7/1927,91.6
8/1927,89.6
9/1927,114.1
10/1927,105.2
11/1927,112.1
12/1927,75.3
1/1928,139.2
2/1928,122.4
3/1928,142.4
4/1928,134.3
5/1928,128.3
6/1928,152.4
7/1928,163.4
8/1928,139.6
9/1928,149.6
10/1928,102.3
11/1928,83.9
12/1928,98.3
1/1929,114.8
2/1929,104.7
3/1929,83.8
4/1929,87.9
5/1929,97
6/1929,119.9
7/1929,117.1
8/1929,109.6
9/1929,57.3
10/1929,90.1
11/1929,135.1
12/1929,179.9
1/1930,108.8
2/1930,83.1
3/1930,58.4
4/1930,63.7
5/1930,61.4
6/1930,48
7/1930,36.5
8/1930,41.5
9/1930,53.5
10/1930,57.2
11/1930,59.4
12/1930,43
1/1931,24.4
2/1931,71.8
3/1931,50.1
4/1931,52
5/1931,40.8
6/1931,25.5
7/1931,29
8/1931,21.6
9/1931,31.7
10/1931,16.6
11/1931,31.2
12/1931,29.7
1/1932,20.1
2/1932,17.6
3/1932,18.8
4/1932,18.7
5/1932,29.7
6/1932,36.9
7/1932,16
8/1932,11.3
9/1932,6.6
10/1932,14.8
11/1932,13.7
12/1932,18.5
1/1933,20.4
2/1933,36.9
3/1933,16.8
4/1933,4.9
5/1933,5.3
6/1933,8.7
7/1933,4.7
8/1933,0.4
9/1933,8.5
10/1933,5
11/1933,1
12/1933,0.4
1/1934,5.7
2/1934,12.9
3/1934,7.2
4/1934,18.8
5/1934,32.9
6/1934,11.2
7/1934,15.3
8/1934,13.9
9/1934,6.7
10/1934,9.5
11/1934,14.5
12/1934,25.7
1/1935,31.1
2/1935,34.1
3/1935,38.5
4/1935,20.4
5/1935,45.4
6/1935,76.2
7/1935,56.5
8/1935,50.2
9/1935,70.1
10/1935,88.7
11/1935,107
12/1935,102.5
1/1936,104.7
2/1936,123.9
3/1936,128.4
4/1936,124.8
5/1936,90.9
6/1936,116.7
7/1936,87.2
8/1936,145
9/1936,126.7
10/1936,148.2
11/1936,192.3
12/1936,205.6
1/1937,220.9
2/1937,214.1
3/1937,139.7
4/1937,182.2
5/1937,194.4
6/1937,217.1
7/1937,241.8
8/1937,229.5
9/1937,167.9
10/1937,208.2
11/1937,123.9
12/1937,147.9
1/1938,164
2/1938,198.6
3/1938,144.2
4/1938,168.4
5/1938,212.3
6/1938,162.6
7/1938,275.6
8/1938,192.8
9/1938,149.3
10/1938,165.3
11/1938,203.6
12/1938,154.7
1/1939,133.9
2/1939,129
3/1939,107.8
4/1939,181.9
5/1939,197.3
6/1939,168.3
7/1939,162.6
8/1939,176.3
9/1939,187.7
10/1939,146.9
11/1939,113.7
12/1939,70.2
1/1940,84.1
2/1940,99.1
3/1940,138.9
4/1940,101.1
5/1940,90.6
6/1940,139.8
7/1940,112.5
8/1940,175.9
9/1940,110.8
10/1940,91.5
11/1940,97.4
12/1940,113.8
1/1941,76.1
2/1941,74.3
3/1941,77.5
4/1941,54.6
5/1941,49
6/1941,99.6
7/1941,111.4
8/1941,100.1
9/1941,109.8
10/1941,77.2
11/1941,64
12/1941,56.2
1/1942,59.5
2/1942,87.9
3/1942,90.4
4/1942,101.2
5/1942,41.8
6/1942,18.9
7/1942,29.6
8/1942,33.7
9/1942,28.7
10/1942,32
11/1942,51.3
12/1942,37.6
1/1943,20.7
2/1943,48.1
3/1943,45.7
4/1943,43.5
5/1943,23.6
6/1943,12.7
7/1943,22
8/1943,32.3
9/1943,16.7
10/1943,13
11/1943,17
12/1943,31.4
1/1944,6.1
2/1944,0.8
3/1944,18.3
4/1944,0.4
5/1944,4.1
6/1944,8.2
7/1944,8.5
8/1944,27.9
9/1944,23.7
10/1944,28.1
11/1944,17.9
12/1944,47.4
1/1945,30.8
2/1945,21.2
3/1945,35.9
4/1945,53.4
5/1945,51
6/1945,60.2
7/1945,71
8/1945,43.1
9/1945,58.1
10/1945,114.5
11/1945,76.6
12/1945,45.7
1/1946,79.3
2/1946,143.8
3/1946,127.7
4/1946,126.1
5/1946,141.6
6/1946,122.6
7/1946,193.7
8/1946,178.7
9/1946,157.4
10/1946,170.5
11/1946,206.3
12/1946,202.9
1/1947,163.7
2/1947,188.9
3/1947,183.8
4/1947,212.1
5/1947,285
6/1947,232.1
7/1947,223.5
8/1947,267.4
9/1947,239.9
10/1947,231.7
11/1947,181.3
12/1947,164.9
1/1948,153.6
2/1948,122
3/1948,134.3
4/1948,268.5
5/1948,246.4
6/1948,237.5
7/1948,201.4
8/1948,223.7
9/1948,202.9
10/1948,192.9
11/1948,135.6
12/1948,195.3
1/1949,168.6
2/1949,258
3/1949,223
4/1949,208.1
5/1949,150.4
6/1949,172.4
7/1949,178.3
8/1949,175.3
9/1949,205.8
10/1949,186.3
11/1949,203.2
12/1949,166.6
1/1950,143.9
2/1950,134.3
3/1950,155.4
4/1950,160.6
5/1950,150.5
6/1950,118.3
7/1950,128.9
8/1950,120.6
9/1950,72.7
10/1950,87
11/1950,77.7
12/1950,76.7
1/1951,85
2/1951,84.8
3/1951,79.3
4/1951,131.7
5/1951,153.7
6/1951,142.4
7/1951,87.2
8/1951,86.5
9/1951,117.7
10/1951,73.3
11/1951,74.2
12/1951,65
1/1952,57.9
2/1952,32.4
3/1952,31.5
4/1952,41.7
5/1952,33.6
6/1952,52
7/1952,56.1
8/1952,77.8
9/1952,40.4
10/1952,34.2
11/1952,31.8
12/1952,48.9
1/1953,37.9
2/1953,5.9
3/1953,14.7
4/1953,39.6
5/1953,18.3
6/1953,31.5
7/1953,12.7
8/1953,33.6
9/1953,28
10/1953,12.3
11/1953,2.5
12/1953,3.9
1/1954,0.4
2/1954,0.8
3/1954,15.8
4/1954,2.7
5/1954,1.2
6/1954,0.4
7/1954,7.3
8/1954,12.6
9/1954,2.3
10/1954,10.5
11/1954,13.4
12/1954,11.3
1/1955,33.4
2/1955,29.9
3/1955,7.3
4/1955,16.4
5/1955,41.3
6/1955,45.2
7/1955,38.2
8/1955,58
9/1955,60.8
10/1955,83
11/1955,126.3
12/1955,108.8
1/1956,104.1
2/1956,175.6
3/1956,167.7
4/1956,156.7
5/1956,193.4
6/1956,165.1
7/1956,182.7
8/1956,240.2
9/1956,245.4
10/1956,219.9
11/1956,285
12/1956,272
1/1957,233.7
2/1957,184.5
3/1957,222.8
4/1957,248
5/1957,233
6/1957,284.3
7/1957,265.1
8/1957,223.7
9/1957,334
10/1957,359.4
11/1957,298.6
12/1957,339
1/1958,286.7
2/1958,233.6
3/1958,270
4/1958,277.6
5/1958,248.2
6/1958,242.9
7/1958,271
8/1958,283.5
9/1958,285.1
10/1958,256.9
11/1958,215.6
12/1958,265.7
1/1959,307.7
2/1959,202.6
3/1959,263
4/1959,231.3
5/1959,243.6
6/1959,238.9
7/1959,211.9
8/1959,282.6
9/1959,205.6
10/1959,157.7
11/1959,175.6
12/1959,177.1
1/1960,207.2
2/1960,149.9
3/1960,144.6
4/1960,172.7
5/1960,169.3
6/1960,156
7/1960,172.4
8/1960,190
9/1960,180.1
10/1960,117.3
11/1960,126.9
12/1960,121.2
1/1961,82.1
2/1961,65.4
3/1961,75.2
4/1961,86.9
5/1961,72.3
6/1961,109.5
7/1961,99.3
8/1961,79.2
9/1961,90.1
10/1961,53.7
11/1961,46.5
12/1961,56.9
1/1962,55.1
2/1962,71.7
3/1962,64.9
4/1962,65.9
5/1962,61.9
6/1962,59.6
7/1962,31.4
8/1962,31.5
9/1962,72.7
10/1962,56.1
11/1962,38.8
12/1962,33.2
1/1963,28.7
2/1963,35.2
3/1963,24.8
4/1963,41.7
5/1963,61.1
6/1963,51.2
7/1963,28.7
8/1963,47.5
9/1963,55.2
10/1963,50.1
11/1963,33.7
12/1963,21.6
1/1964,22.6
2/1964,25.3
3/1964,24.1
4/1964,12.9
5/1964,14.3
6/1964,13.5
7/1964,4.8
8/1964,13.8
9/1964,7
10/1964,9.2
11/1964,11.1
12/1964,22.1
1/1965,25.4
2/1965,20.8
3/1965,17.5
4/1965,10.2
5/1965,34.5
6/1965,23.3
7/1965,17.3
8/1965,13.3
9/1965,24.5
10/1965,29.1
11/1965,22.8
12/1965,24.7
1/1966,40.3
2/1966,35.3
3/1966,36.4
4/1966,69
5/1966,64.2
6/1966,67.7
7/1966,80.2
8/1966,72.6
9/1966,71.1
10/1966,81.2
11/1966,81
12/1966,99.8
1/1967,157
2/1967,132.6
3/1967,158.3
4/1967,98.4
5/1967,122.5
6/1967,95.4
7/1967,129.5
8/1967,151.8
9/1967,108.7
10/1967,125
11/1967,133.6
12/1967,179
1/1968,172.5
2/1968,158.5
3/1968,130.5
4/1968,115
5/1968,180
6/1968,156.2
7/1968,136.2
8/1968,154.8
9/1968,166
10/1968,152.5
11/1968,121.7
12/1968,155.5
1/1969,147.8
2/1969,170.5
3/1969,192.3
4/1969,151.1
5/1969,169.9
6/1969,150.1
7/1969,137.1
8/1969,138.8
9/1969,129.3
10/1969,135.4
11/1969,132.4
12/1969,138.6
1/1970,157.9
2/1970,180.8
3/1970,145.7
4/1970,155.1
5/1970,180.5
6/1970,151.3
7/1970,159.3
8/1970,131.7
9/1970,140.8
10/1970,122.6
11/1970,134.8
12/1970,118.2
1/1971,129.2
2/1971,111.8
3/1971,85.9
4/1971,101.6
5/1971,81.5
6/1971,70.7
7/1971,114.7
8/1971,87
9/1971,71.3
10/1971,73.4
11/1971,89.5
12/1971,116.5
1/1972,87
2/1972,125.3
3/1972,113.5
4/1972,89.6
5/1972,113.9
6/1972,124.7
7/1972,108.3
8/1972,108.9
9/1972,90.7
10/1972,86.9
11/1972,59.2
12/1972,64.3
1/1973,61.8
2/1973,60.9
3/1973,65.4
4/1973,81.8
5/1973,60.3
6/1973,56.1
7/1973,33.2
8/1973,36.6
9/1973,84.1
10/1973,43.7
11/1973,34.3
12/1973,33.3
1/1974,39.4
2/1974,37.3
3/1974,30.9
4/1974,57.5
5/1974,56.3
6/1974,51.5
7/1974,79.1
8/1974,47.9
9/1974,57.2
10/1974,67.2
11/1974,35.9
12/1974,29.6
1/1975,27.3
2/1975,16.7
3/1975,16.9
4/1975,7.7
5/1975,13.1
6/1975,16.7
7/1975,40.4
8/1975,56.7
9/1975,20.3
10/1975,13.6
11/1975,27.9
12/1975,11.6
1/1976,11.9
2/1976,6.4
3/1976,31.5
4/1976,27.3
5/1976,18.2
6/1976,17.9
7/1976,2.9
8/1976,24.1
9/1976,20
10/1976,29.7
11/1976,7.9
12/1976,22.3
1/1977,23.8
2/1977,33.3
3/1977,13
4/1977,19
5/1977,27
6/1977,54.9
7/1977,30.6
8/1977,43
9/1977,62.4
10/1977,62.1
11/1977,41.6
12/1977,61.4
1/1978,73.7
2/1978,132.6
3/1978,108.4
4/1978,141.2
5/1978,117.1
6/1978,134.6
7/1978,99.7
8/1978,82.4
9/1978,195.7
10/1978,177.1
11/1978,138.5
12/1978,173.9
1/1979,235.9
2/1979,194.7
3/1979,195.3
4/1979,143.7
5/1979,190.3
6/1979,211.7
7/1979,225.7
8/1979,201.4
9/1979,266.9
10/1979,263.6
11/1979,259.5
12/1979,249.6
1/1980,226.1
2/1980,219.4
3/1980,178.7
4/1980,232.2
5/1980,254.7
6/1980,222.7
7/1980,192.9
8/1980,191.7
9/1980,219.6
10/1980,233.3
11/1980,209.5
12/1980,246.9
1/1981,156.6
2/1981,189.9
3/1981,196.6
4/1981,225.3
5/1981,194.7
6/1981,131.6
7/1981,205.3
8/1981,242.5
9/1981,245.3
10/1981,216.2
11/1981,186
12/1981,195.4
1/1982,149.8
2/1982,230.9
3/1982,221.1
4/1982,170.3
5/1982,119.3
6/1982,163.7
7/1982,139.4
8/1982,161.9
9/1982,167.4
10/1982,134.3
11/1982,127.5
12/1982,169
1/1983,115.5
2/1983,73.1
3/1983,88.7
4/1983,109.6
5/1983,132.5
6/1983,131.5
7/1983,108.9
8/1983,96
9/1983,69.9
10/1983,72.5
11/1983,45.7
12/1983,45.6
1/1984,74.8
2/1984,110.2
3/1984,116.7
4/1984,90.4
5/1984,96.9
6/1984,65.1
7/1984,55.7
8/1984,35
9/1984,22.6
10/1984,12.6
11/1984,26.5
12/1984,21.4
1/1985,17.8
2/1985,20.7
3/1985,16.9
4/1985,20.4
5/1985,32.4
6/1985,28.3
7/1985,39.9
8/1985,10.1
9/1985,4.3
10/1985,22
11/1985,17.9
12/1985,15.8
1/1986,2.8
2/1986,27.9
3/1986,13.8
4/1986,22.4
5/1986,16.1
6/1986,0.6
7/1986,18.1
8/1986,9.9
9/1986,5.1
10/1986,40.1
11/1986,15.4
12/1986,5.8
1/1987,9.8
2/1987,3.4
3/1987,17.4
4/1987,46
5/1987,39.1
6/1987,18.8
7/1987,38.2
8/1987,47.9
9/1987,42.2
10/1987,63.4
11/1987,48.8
12/1987,29.1
1/1988,70.5
2/1988,45.4
3/1988,91.2
4/1988,108.8
5/1988,74.2
6/1988,124.3
7/1988,131.4
8/1988,139.4
9/1988,142.7
10/1988,156.5
11/1988,156.8
12/1988,231.2
1/1989,210.1
2/1989,208.7
3/1989,170.4
4/1989,166.3
5/1989,195.4
6/1989,284.5
7/1989,180.5
8/1989,232
9/1989,225.1
10/1989,212.2
11/1989,238.2
12/1989,211.4
1/1990,227.4
2/1990,171.8
3/1990,191.7
4/1990,189.7
5/1990,175.2
6/1990,153.3
7/1990,191.1
8/1990,252.1
9/1990,169.1
10/1990,199.4
11/1990,178.8
12/1990,197.1
1/1991,195.3
2/1991,240.3
3/1991,197
4/1991,197.6
5/1991,166.9
6/1991,224.7
7/1991,240.2
8/1991,240.8
9/1991,168.9
10/1991,197.1
11/1991,159.5
12/1991,212.6
1/1992,198.3
2/1992,230.7
3/1992,151
4/1992,142.2
5/1992,94.3
6/1992,98.5
7/1992,114.2
8/1992,91.9
9/1992,94
10/1992,133.4
11/1992,129.6
12/1992,122
1/1993,81.4
2/1993,127.8
3/1993,102.4
4/1993,94.4
5/1993,78.8
6/1993,69.6
7/1993,80.4
8/1993,62.5
9/1993,31.2
10/1993,71.1
11/1993,48.2
12/1993,68.4
1/1994,84.9
2/1994,54.9
3/1994,47.5
4/1994,27.4
5/1994,29.8
6/1994,39.7
7/1994,50.6
8/1994,34.3
9/1994,40.5
10/1994,67.1
11/1994,29.5
12/1994,32.2
1/1995,32.6
2/1995,45.8
3/1995,46.3
4/1995,21.6
5/1995,19.4
6/1995,22.5
7/1995,20.4
8/1995,18.2
9/1995,15.7
10/1995,30.6
11/1995,14
12/1995,14.9
1/1996,13.3
2/1996,7.7
3/1996,12.6
4/1996,6.8
5/1996,7.6
6/1996,16.5
7/1996,11.8
8/1996,19.7
9/1996,3
10/1996,0.7
11/1996,24.9
12/1996,14
1/1997,7.4
2/1997,11
3/1997,12.1
4/1997,23
5/1997,25.4
6/1997,20.8
7/1997,12.9
8/1997,35.7
9/1997,59.7
10/1997,32.8
11/1997,50.4
12/1997,55.5
1/1998,44.5
2/1998,50.2
3/1998,82
4/1998,70.6
5/1998,74
6/1998,90.5
7/1998,96.7
8/1998,121.1
9/1998,132
10/1998,78.5
11/1998,97.3
12/1998,119.2
1/1999,86
2/1999,98
3/1999,103.5
4/1999,93.6
5/1999,149.6
6/1999,207.2
7/1999,173.5
8/1999,142.3
9/1999,106.3
10/1999,168.7
11/1999,188.3
12/1999,116.8
1/2000,133.1
2/2000,165.7
3/2000,217.7
4/2000,191.5
5/2000,165.9
6/2000,188
7/2000,244.3
8/2000,180.5
9/2000,156
10/2000,141.6
11/2000,158.1
12/2000,143.3
1/2001,142.6
2/2001,121.5
3/2001,165.8
4/2001,161.7
5/2001,142.1
6/2001,202.9
7/2001,123
8/2001,161.5
9/2001,238.2
10/2001,194.1
11/2001,176.6
12/2001,213.4
1/2002,184.6
2/2002,170.2
3/2002,147.1
4/2002,186.9
5/2002,187.5
6/2002,128.8
7/2002,161
8/2002,175.6
9/2002,187.9
10/2002,151.2
11/2002,147.2
12/2002,135.3
1/2003,133.5
2/2003,75.7
3/2003,100.7
4/2003,97.9
5/2003,86.8
6/2003,118.7
7/2003,128.3
8/2003,115.4
9/2003,78.5
10/2003,97.8
11/2003,82.9
12/2003,72.2
1/2004,60.6
2/2004,74.6
3/2004,74.8
4/2004,59.2
5/2004,72.8
6/2004,66.5
7/2004,83.8
8/2004,69.7
9/2004,48.8
10/2004,74.2
11/2004,70.1
12/2004,28.9
1/2005,48.1
2/2005,43.5
3/2005,39.6
4/2005,38.7
5/2005,61.9
6/2005,56.8
7/2005,62.4
8/2005,60.5
9/2005,37.2
10/2005,13.2
11/2005,27.5
12/2005,59.3
1/2006,20.9
2/2006,5.7
3/2006,17.3
4/2006,50.3
5/2006,37.2
6/2006,24.5
7/2006,22.2
8/2006,20.8
9/2006,23.7
10/2006,14.9
11/2006,35.7
12/2006,22.3
1/2007,29.3
2/2007,18.4
3/2007,7.2
4/2007,5.4
5/2007,19.5
6/2007,21.3
7/2007,15.1
8/2007,9.8
9/2007,4
10/2007,1.5
11/2007,2.8
12/2007,17.3
1/2008,4.1
2/2008,2.9
3/2008,15.5
4/2008,3.6
5/2008,4.6
6/2008,5.2
7/2008,0.6
8/2008,0.3
9/2008,1.2
10/2008,4.2
11/2008,6.6
12/2008,1
1/2009,1.3
2/2009,1.2
3/2009,0.6
4/2009,1.2
5/2009,2.9
6/2009,6.3
7/2009,5.5
8/2009,0
9/2009,7.1
10/2009,7.7
11/2009,6.9
12/2009,16.3
1/2010,19.5
2/2010,28.5
3/2010,24
4/2010,10.4
5/2010,13.9
6/2010,18.8
7/2010,25.2
8/2010,29.6
9/2010,36.4
10/2010,33.6
11/2010,34.4
12/2010,24.5
1/2011,27.3
2/2011,48.3
3/2011,78.6
4/2011,76.1
5/2011,58.2
6/2011,56.1
7/2011,64.5
8/2011,65.8
9/2011,120.1
10/2011,125.7
11/2011,139.1
12/2011,109.3
1/2012,94.4
2/2012,47.8
3/2012,86.6
4/2012,85.9
5/2012,96.5
6/2012,92
7/2012,100.1
8/2012,94.8
9/2012,93.7
10/2012,76.5
11/2012,87.6
12/2012,56.8
1/2013,96.1
2/2013,60.9
3/2013,78.3
4/2013,107.3
5/2013,120.2
6/2013,76.7
7/2013,86.2
8/2013,91.8
9/2013,54.5
10/2013,114.4
11/2013,113.9
12/2013,124.2
1/2014,117
2/2014,146.1
3/2014,128.7
4/2014,112.5
5/2014,112.5
6/2014,102.9
7/2014,100.2
8/2014,106.9
9/2014,130
10/2014,90
11/2014,103.6
12/2014,112.9
1/2015,93
2/2015,66.7
3/2015,54.5
4/2015,75.3
5/2015,88.8
6/2015,66.5
7/2015,65.8
8/2015,64.4
9/2015,78.6
10/2015,63.6
11/2015,62.2
12/2015,58
1/2016,57
2/2016,56.4
3/2016,54.1
4/2016,37.9
5/2016,51.5
6/2016,20.5
7/2016,32.4
8/2016,50.2
9/2016,44.6
10/2016,33.4
11/2016,21.4
12/2016,18.5
1/2017,26.1
2/2017,26.4
3/2017,17.7
4/2017,32.3
5/2017,18.9
6/2017,19.2
7/2017,17.8
8/2017,32.6
9/2017,43.7
10/2017,13.2
11/2017,5.7
12/2017,8.2
1/2018,6.8
2/2018,10.7
3/2018,2.5
4/2018,8.9
5/2018,13.1
6/2018,15.6
7/2018,1.6
8/2018,8.7
9/2018,3.3
10/2018,4.9
11/2018,4.9
12/2018,3.1
1/2019,7.7
2/2019,0.8
3/2019,9.4
4/2019,9.1
5/2019,9.9
6/2019,1.2
7/2019,0.9
8/2019,0.7
9/2019,1.1
10/2019,0.4
11/2019,0.5